name,domain,country,why
AIM Cash & Carry,aimcashandcarry.ie,Ireland,pipeline
Allegro,allegro.ie,Ireland,pipeline
Ampersand,ampersandsales.ie,Ireland,pipeline
Applegreen,applegreenstores.com,Ireland,pipeline
"ARI (Dublin and Cork Duty Free, The Loop)",dublinandcorkdutyfree.ie,Ireland,pipeline
Asia Market,asiamarket.ie,Ireland,pipeline
Avoca,avoca.com,Ireland,pipeline
Balkania,balkania.ie,Ireland,pipeline
Barry Group,barrygroup.ie,Ireland,pipeline
Boots Ireland,boots.ie,Ireland,pipeline
Boyne Valley Group,boynevalley.com,Ireland,pipeline
BR Marketing,brmarketing.ie,Ireland,pipeline
BWG Foods (Value Centre and LSN),bwg.ie,Ireland,pipeline
Byrnes Cash & Carry,byrnes.ie,Ireland,pipeline
CarePlus Pharmacy,careplus.ie,Ireland,pipeline
Castle Snackfood Distribution,,Ireland,pipeline
Chemist Warehouse Ireland,chemistwarehouse.ie,Ireland,pipeline
Circle K Ireland,circlek.ie,Ireland,pipeline
Conaty Catering,conatycatering.com,Ireland,pipeline
Dealz Ireland,dealz.ie,Ireland,pipeline
Discount Supplements,discountsupplements.ie,Ireland,pipeline
Donnybrook Fair,donnybrookfair.ie,Ireland,pipeline
Down to Earth Healthfood Store,downtoearth.ie,Ireland,pipeline
Dublin Food Sales,dublinfoodsales.ie,Ireland,pipeline
Dunnes Stores,dunnesstores.com,Ireland,pipeline
Eirespan Distribution,eirespan.com,Ireland,pipeline
Elliotts Cash & Carry,elliottscashandcarry.ie,Ireland,pipeline
Eurasia Supermarket,,Ireland,pipeline
Euro Food Brands Ireland,eurofoodbrands.co.uk,Ireland,pipeline
Europa Foods,europafoods.ie,Ireland,pipeline
Evergreen Healthfoods,evergreen.ie,Ireland,pipeline
Fallon & Byrne,fallonandbyrne.com,Ireland,pipeline
Fegans Foodservice,foodservice.ie,Ireland,pipeline
Fitzpatrick Wholesale,fitzpatrickwholesale.ie,Ireland,pipeline
Fresh The Good Food Market,freshthegoodfoodmarket.ie,Ireland,pipeline
Gala Retail,gala.ie,Ireland,pipeline
Ghazi Halal Store,,Ireland,pipeline
Haven Pharmacy,havenpharmacy.ie,Ireland,pipeline
Health Matters,healthmatters.ie,Ireland,pipeline
Horans Healthstore,horanshealth.ie,Ireland,pipeline
Horgans Delicatessen Supplies,horgans.com,Ireland,pipeline
Independent Irish Health Foods,iihealthfoods.com,Ireland,pipeline
Inish Pharmacy,inishpharmacy.com,Ireland,pipeline
J.R. Byrne & Sons,jrbyrnes.com,Ireland,pipeline
Johnson Brothers,johnsonbrothers.ie,Ireland,pipeline
Kadona Wholesale,kadonawholesale.ie,Ireland,pipeline
Kimex Plus,,Ireland,pipeline
Leonard Dexter,,Ireland,pipeline
Lidl Ireland,lidl.ie,Ireland,pipeline
Little Italy,littleitalyltd.com,Ireland,pipeline
Lituanica,lituanica.ie,Ireland,pipeline
Lynas Foodservice,lynasfoodservice.com,Ireland,pipeline
M&D Marketing & Distribution,mandd.ie,Ireland,pipeline
M&P O'Sullivan,mpos.ie,Ireland,pipeline
Maxela,maxela.ie,Ireland,pipeline
Maxol,maxol.ie,Ireland,pipeline
McCabes Pharmacy,mccabespharmacy.com,Ireland,pipeline
Meaghers Pharmacy,meagherspharmacy.ie,Ireland,pipeline
Mortons,mortons.ie,Ireland,pipeline
Mr Price Branded Bargains,mrprice.ie,Ireland,pipeline
"Musgrave Group (SuperValu, Centra, Daybreak)",musgravegroup.com,Ireland,pipeline
Musgrave MarketPlace,musgravemarketplace.ie,Ireland,pipeline
Naturalife Health,naturalife.ie,Ireland,pipeline
Nic & Ali,nicandali.ie,Ireland,pipeline
Nimbus Distributions,nimbusdistributions.com,Ireland,pipeline
Nolans Supermarket,nolans.ie,Ireland,pipeline
Noor Madina Asian Foods,noor.ie,Ireland,pipeline
Nourish,nourish.ie,Ireland,pipeline
Nuts in Bulk (Outlet Wholefood Company),nutsinbulk.ie,Ireland,pipeline
Ocean Healthcare,oceanhealthcare.ie,Ireland,pipeline
Pak National Foods Ireland,,Ireland,pipeline
Polonez,polonez.ie,Ireland,pipeline
Primeline Group,primeline.ie,Ireland,pipeline
Protamino Nutrition,,Ireland,pipeline
Remy Distribution,,Ireland,pipeline
Richmond Marketing,richmondmarketing.com,Ireland,pipeline
Rose Confectionery,roseconfectionery.com,Ireland,pipeline
S&W Wholesale (Savage & Whitten),savageandwhitten.com,Ireland,pipeline
Shelton Distributors,shelton.ie,Ireland,pipeline
SHS Sales & Marketing,shs-sales.ie,Ireland,pipeline
Stafford Lynch,staffordlynch.ie,Ireland,pipeline
Stonehouse Marketing,stonehouse.ie,Ireland,pipeline
Sweet Co,sweetco.ie,Ireland,pipeline
Sysco Ireland,syscoireland.com,Ireland,pipeline
Tesco Ireland,tesco.ie,Ireland,pipeline
The Health Store,thehealthstore.ie,Ireland,pipeline
The Hopsack,hopsack.ie,Ireland,pipeline
The Organic Supermarket,organicsupermarket.ie,Ireland,pipeline
totalhealth Pharmacy,totalhealth.ie,Ireland,pipeline
Uniphar,uniphar.ie,Ireland,pipeline
United Drug,united-drug.com,Ireland,pipeline
Wholefoods Wholesale,wholefoods.ie,Ireland,pipeline
World Wide Foods,wwfoods.ie,Ireland,pipeline
